{"batch": 109, "loss": 0.4690439701080322, "time_per_10_batches": 967.8752200603485, "_timestamp": 1724634831.634697, "_runtime": 24916.14709687233, "_step": 10}